valid,unique@1000,unique@10000,FCD/Test,SNN/Test,Frag/Test,Scaf/Test,FCD/TestSF,SNN/TestSF,Frag/TestSF,Scaf/TestSF,IntDiv,IntDiv2,Filters,logP,SA,QED,weight,Novelty,logP-MSE,logP-MAE,logP-SD,tPSA-MSE,tPSA-MAE,tPSA-SD,QED-MSE,QED-MAE,QED-SD
0.9815,0.988,0.9836984207845135,14.880204418940451,0.5737905954136511,0.2235543920357963,0.6225424283165991,15.22399394417333,0.5389259959202425,-0.5661901152012447,0.026823247015474783,0.8178114151614592,0.8093706861525269,0.9928680590932246,0.5074612229016608,0.09459552384661318,0.03410426057173184,6.32771812200182,0.9487312273433454,0.0260539480387166,0.22231956189505886,0.2801456015040223,-2.9888792664289343,5.002103922567497,5.7239741605652465,-0.0034148112080527944,0.04285736950239754,0.05922426125215275
