valid,unique@1000,unique@10000,FCD/Test,SNN/Test,Frag/Test,Scaf/Test,FCD/TestSF,SNN/TestSF,Frag/TestSF,Scaf/TestSF,IntDiv,IntDiv2,Filters,logP,SA,QED,weight,Novelty,logP-MSE,logP-MAE,logP-SD,tPSA-MSE,tPSA-MAE,tPSA-SD,QED-MSE,QED-MAE,QED-SD,SSF
0.926,0.046,0.03023758099352052,79.18781706291887,0.48489075992457553,0.6899114091027053,0.0,78.44447420236385,0.6449286738977834,0.9541927671545243,0.0,0.23327213354244947,0.2183416872931252,1.0,0.6320894922447078,0.4426810586461214,0.0983735707354342,21.620108063095703,1.0,-0.004005453563714272,0.09945446004319722,0.18258434614447824,-14.122937365010799,14.135507559395247,2.3451876102911644,-0.06778452747742379,0.06798568053123696,0.015376417765051187,0.8601511879049676
